artist,artist_id,album,track,minutes,release_date,popularity
Beatles,3WrFJ7ztbogyGnTHbHJFl2,Revolver (Super Deluxe),Taxman - 2022 Mix,2.637766666666667,N/A,0
Beatles,3WrFJ7ztbogyGnTHbHJFl2,Revolver (Super Deluxe),Eleanor Rigby - 2022 Mix,2.1077666666666666,N/A,0
Beatles,3WrFJ7ztbogyGnTHbHJFl2,Revolver (Super Deluxe),I'm Only Sleeping - 2022 Mix,3.005333333333333,N/A,0
Beatles,3WrFJ7ztbogyGnTHbHJFl2,Revolver (Super Deluxe),Love You To - 2022 Mix,2.9977666666666667,N/A,0
Beatles,3WrFJ7ztbogyGnTHbHJFl2,Revolver (Super Deluxe),"Here, There And Everywhere - 2022 Mix",2.4151,N/A,0
Beatles,3WrFJ7ztbogyGnTHbHJFl2,Revolver (Super Deluxe),Yellow Submarine - 2022 Mix,2.6471,N/A,0
Beatles,3WrFJ7ztbogyGnTHbHJFl2,Revolver (Super Deluxe),She Said She Said - 2022 Mix,2.60155,N/A,0
Beatles,3WrFJ7ztbogyGnTHbHJFl2,Revolver (Super Deluxe),Good Day Sunshine - 2022 Mix,2.15355,N/A,0
Beatles,3WrFJ7ztbogyGnTHbHJFl2,Revolver (Super Deluxe),And Your Bird Can Sing - 2022 Mix,2.0088833333333334,N/A,0
Beatles,3WrFJ7ztbogyGnTHbHJFl2,Revolver (Super Deluxe),For No One - 2022 Mix,1.9966666666666666,N/A,0
Beatles,3WrFJ7ztbogyGnTHbHJFl2,Revolver (Super Deluxe),Doctor Robert - 2022 Mix,2.2402166666666665,N/A,0
Beatles,3WrFJ7ztbogyGnTHbHJFl2,Revolver (Super Deluxe),I Want To Tell You - 2022 Mix,2.46355,N/A,0
Beatles,3WrFJ7ztbogyGnTHbHJFl2,Revolver (Super Deluxe),Got To Get You Into My Life - 2022 Mix,2.4913333333333334,N/A,0
Beatles,3WrFJ7ztbogyGnTHbHJFl2,Revolver (Super Deluxe),Tomorrow Never Knows - 2022 Mix,2.9602166666666667,N/A,0
Beatles,3WrFJ7ztbogyGnTHbHJFl2,Revolver (Super Deluxe),Tomorrow Never Knows - Take 1,3.548,N/A,0
Beatles,3WrFJ7ztbogyGnTHbHJFl2,Revolver (Super Deluxe),Tomorrow Never Knows - Mono Mix RM 11,3.092433333333333,N/A,0
Beatles,3WrFJ7ztbogyGnTHbHJFl2,Revolver (Super Deluxe),Got To Get You Into My Life - First Version / Take 5,4.168433333333334,N/A,0
Beatles,3WrFJ7ztbogyGnTHbHJFl2,Revolver (Super Deluxe),Got To Get You Into My Life - Second Version / Unnumbered Mix,2.602883333333333,N/A,0
Beatles,3WrFJ7ztbogyGnTHbHJFl2,Revolver (Super Deluxe),Got To Get You Into My Life - Second Version / Take 8,2.7104333333333335,N/A,0
Beatles,3WrFJ7ztbogyGnTHbHJFl2,Revolver (Super Deluxe),Love You To - Take 1,2.674,N/A,0
Beatles,3WrFJ7ztbogyGnTHbHJFl2,Get Back (Rooftop Performance),Get Back - Rooftop Performance / Take 1,4.722883333333334,N/A,0
Beatles,3WrFJ7ztbogyGnTHbHJFl2,Get Back (Rooftop Performance),Get Back - Rooftop Performance / Take 2,3.4031,N/A,0
Beatles,3WrFJ7ztbogyGnTHbHJFl2,Get Back (Rooftop Performance),Don't Let Me Down - Rooftop Performance / Take 1,3.374433333333333,N/A,0
Beatles,3WrFJ7ztbogyGnTHbHJFl2,Get Back (Rooftop Performance),I've Got A Feeling - Rooftop Performance / Take 1,4.728666666666666,N/A,0
Beatles,3WrFJ7ztbogyGnTHbHJFl2,Get Back (Rooftop Performance),One After 909 - Rooftop Performance,3.1533333333333333,N/A,0
Beatles,3WrFJ7ztbogyGnTHbHJFl2,Get Back (Rooftop Performance),Dig A Pony - Rooftop Performance,5.867333333333334,N/A,0
Beatles,3WrFJ7ztbogyGnTHbHJFl2,Get Back (Rooftop Performance),God Save The Queen - Rooftop Performance / Jam,0.42933333333333334,N/A,0
Beatles,3WrFJ7ztbogyGnTHbHJFl2,Get Back (Rooftop Performance),I've Got A Feeling - Rooftop Performance / Take 2,5.58555,N/A,0
Beatles,3WrFJ7ztbogyGnTHbHJFl2,Get Back (Rooftop Performance),Don't Let Me Down - Rooftop Performance / Take 2,3.4931,N/A,0
Beatles,3WrFJ7ztbogyGnTHbHJFl2,Get Back (Rooftop Performance),Get Back - Rooftop Performance / Take 3,3.7764333333333333,N/A,0
Beatles,3WrFJ7ztbogyGnTHbHJFl2,Let It Be (Super Deluxe),Two Of Us - 2021 Mix,3.608,N/A,0
Beatles,3WrFJ7ztbogyGnTHbHJFl2,Let It Be (Super Deluxe),Dig A Pony - 2021 Mix,3.9126666666666665,N/A,0
Beatles,3WrFJ7ztbogyGnTHbHJFl2,Let It Be (Super Deluxe),Across The Universe - 2021 Mix,3.80155,N/A,0
Beatles,3WrFJ7ztbogyGnTHbHJFl2,Let It Be (Super Deluxe),I Me Mine - 2021 Mix,2.41755,N/A,0
Beatles,3WrFJ7ztbogyGnTHbHJFl2,Let It Be (Super Deluxe),Dig It - 2021 Mix,0.8442166666666666,N/A,0
Beatles,3WrFJ7ztbogyGnTHbHJFl2,Let It Be (Super Deluxe),Let It Be - 2021 Mix,4.052883333333333,N/A,0
Beatles,3WrFJ7ztbogyGnTHbHJFl2,Let It Be (Super Deluxe),Maggie Mae - 2021 Mix,0.6702166666666667,N/A,0
Beatles,3WrFJ7ztbogyGnTHbHJFl2,Let It Be (Super Deluxe),I've Got A Feeling - 2021 Mix,3.625766666666667,N/A,0
Beatles,3WrFJ7ztbogyGnTHbHJFl2,Let It Be (Super Deluxe),One After 909 - 2021 Mix,2.9002166666666667,N/A,0
Beatles,3WrFJ7ztbogyGnTHbHJFl2,Let It Be (Super Deluxe),The Long And Winding Road - 2021 Mix,3.6266666666666665,N/A,0
Beatles,3WrFJ7ztbogyGnTHbHJFl2,Let It Be (Super Deluxe),For You Blue - 2021 Mix,2.5422166666666666,N/A,0
Beatles,3WrFJ7ztbogyGnTHbHJFl2,Let It Be (Super Deluxe),Get Back - 2021 Mix,3.137766666666667,N/A,0
Beatles,3WrFJ7ztbogyGnTHbHJFl2,Let It Be (Super Deluxe),Morning Camera / Two Of Us - Take 4,3.7046666666666668,N/A,0
Beatles,3WrFJ7ztbogyGnTHbHJFl2,Let It Be (Super Deluxe),Maggie Mae / Fancy My Chances With You - Mono,0.9733333333333334,N/A,0
Beatles,3WrFJ7ztbogyGnTHbHJFl2,Let It Be (Super Deluxe),Can You Dig It?,2.0393333333333334,N/A,0
Beatles,3WrFJ7ztbogyGnTHbHJFl2,Let It Be (Super Deluxe),I Don't Know Why I'm Moaning - Speech / Mono,1.3668833333333332,N/A,0
Beatles,3WrFJ7ztbogyGnTHbHJFl2,Let It Be (Super Deluxe),For You Blue - Take 4,2.882433333333333,N/A,0
Beatles,3WrFJ7ztbogyGnTHbHJFl2,Let It Be (Super Deluxe),Let It Be / Please Please Me / Let It Be - Take 10,4.544666666666667,N/A,0
Beatles,3WrFJ7ztbogyGnTHbHJFl2,Let It Be (Super Deluxe),I’ve Got A Feeling - Take 10,3.628,N/A,0
Beatles,3WrFJ7ztbogyGnTHbHJFl2,Let It Be (Super Deluxe),Dig A Pony - Take 14,4.024,N/A,0
Beatles,3WrFJ7ztbogyGnTHbHJFl2,Abbey Road (Super Deluxe Edition),Come Together - 2019 Mix,4.336666666666667,N/A,0
Beatles,3WrFJ7ztbogyGnTHbHJFl2,Abbey Road (Super Deluxe Edition),Something - 2019 Mix,3.0371,N/A,0
Beatles,3WrFJ7ztbogyGnTHbHJFl2,Abbey Road (Super Deluxe Edition),Maxwell's Silver Hammer - 2019 Mix,3.4662166666666665,N/A,0
Beatles,3WrFJ7ztbogyGnTHbHJFl2,Abbey Road (Super Deluxe Edition),Oh! Darling - 2019 Mix,3.4524333333333335,N/A,0
Beatles,3WrFJ7ztbogyGnTHbHJFl2,Abbey Road (Super Deluxe Edition),Octopus's Garden - 2019 Mix,2.8466666666666667,N/A,0
Beatles,3WrFJ7ztbogyGnTHbHJFl2,Abbey Road (Super Deluxe Edition),I Want You (She's So Heavy) - 2019 Mix,7.789333333333333,N/A,0
Beatles,3WrFJ7ztbogyGnTHbHJFl2,Abbey Road (Super Deluxe Edition),Here Comes The Sun - 2019 Mix,3.0951,N/A,0
Beatles,3WrFJ7ztbogyGnTHbHJFl2,Abbey Road (Super Deluxe Edition),Because - 2019 Mix,2.7602166666666665,N/A,0
Beatles,3WrFJ7ztbogyGnTHbHJFl2,Abbey Road (Super Deluxe Edition),You Never Give Me Your Money - 2019 Mix,4.044433333333333,N/A,0
Beatles,3WrFJ7ztbogyGnTHbHJFl2,Abbey Road (Super Deluxe Edition),Sun King - 2019 Mix,2.4388833333333335,N/A,0
Beatles,3WrFJ7ztbogyGnTHbHJFl2,Abbey Road (Super Deluxe Edition),Mean Mr Mustard - 2019 Mix,1.1077666666666666,N/A,0
Beatles,3WrFJ7ztbogyGnTHbHJFl2,Abbey Road (Super Deluxe Edition),Polythene Pam - 2019 Mix,1.2133333333333334,N/A,0
Beatles,3WrFJ7ztbogyGnTHbHJFl2,Abbey Road (Super Deluxe Edition),She Came In Through The Bathroom Window - 2019 Mix,1.9802166666666667,N/A,0
Beatles,3WrFJ7ztbogyGnTHbHJFl2,Abbey Road (Super Deluxe Edition),Golden Slumbers - 2019 Mix,1.524,N/A,0
Beatles,3WrFJ7ztbogyGnTHbHJFl2,Abbey Road (Super Deluxe Edition),Carry That Weight - 2019 Mix,1.6073333333333333,N/A,0
Beatles,3WrFJ7ztbogyGnTHbHJFl2,Abbey Road (Super Deluxe Edition),The End - 2019 Mix,2.3651,N/A,0
Beatles,3WrFJ7ztbogyGnTHbHJFl2,Abbey Road (Super Deluxe Edition),Her Majesty - 2019 Mix,0.4186666666666667,N/A,0
Beatles,3WrFJ7ztbogyGnTHbHJFl2,Abbey Road (Super Deluxe Edition),I Want You (She's So Heavy) - Trident Recording Session & Reduction Mix,6.993333333333333,N/A,0
Beatles,3WrFJ7ztbogyGnTHbHJFl2,Abbey Road (Super Deluxe Edition),Goodbye - Home Demo,2.3951,N/A,0
Beatles,3WrFJ7ztbogyGnTHbHJFl2,Abbey Road (Super Deluxe Edition),Something - Studio Demo,3.620433333333333,N/A,0
Beatles,3WrFJ7ztbogyGnTHbHJFl2,The Beatles,Back In The U.S.S.R. - 2018 Mix,2.7244333333333333,N/A,0
Beatles,3WrFJ7ztbogyGnTHbHJFl2,The Beatles,Dear Prudence - 2018 Mix,3.9162166666666667,N/A,0
Beatles,3WrFJ7ztbogyGnTHbHJFl2,The Beatles,Glass Onion - 2018 Mix,2.2951,N/A,0
Beatles,3WrFJ7ztbogyGnTHbHJFl2,The Beatles,"Ob-La-Di, Ob-La-Da - 2018 Mix",3.1468833333333333,N/A,0
Beatles,3WrFJ7ztbogyGnTHbHJFl2,The Beatles,Wild Honey Pie - 2018 Mix,0.8833333333333333,N/A,0
Beatles,3WrFJ7ztbogyGnTHbHJFl2,The Beatles,The Continuing Story Of Bungalow Bill - 2018 Mix,3.2364333333333333,N/A,0
Beatles,3WrFJ7ztbogyGnTHbHJFl2,The Beatles,While My Guitar Gently Weeps - 2018 Mix,4.754666666666667,N/A,0
Beatles,3WrFJ7ztbogyGnTHbHJFl2,The Beatles,Happiness Is A Warm Gun - 2018 Mix,2.742,N/A,0
Beatles,3WrFJ7ztbogyGnTHbHJFl2,The Beatles,Martha My Dear - 2018 Mix,2.474666666666667,N/A,0
Beatles,3WrFJ7ztbogyGnTHbHJFl2,The Beatles,I'm So Tired - 2018 Mix,2.0566666666666666,N/A,0
Beatles,3WrFJ7ztbogyGnTHbHJFl2,The Beatles,Blackbird - 2018 Mix,2.306,N/A,0
Beatles,3WrFJ7ztbogyGnTHbHJFl2,The Beatles,Piggies - 2018 Mix,2.0717666666666665,N/A,0
Beatles,3WrFJ7ztbogyGnTHbHJFl2,The Beatles,Rocky Raccoon - 2018 Mix,3.5513333333333335,N/A,0
Beatles,3WrFJ7ztbogyGnTHbHJFl2,The Beatles,Don't Pass Me By - 2018 Mix,3.838433333333333,N/A,0
Beatles,3WrFJ7ztbogyGnTHbHJFl2,The Beatles,Why Don't We Do It In The Road? - 2018 Mix,1.69555,N/A,0
Beatles,3WrFJ7ztbogyGnTHbHJFl2,The Beatles,I Will - 2018 Mix,1.7631,N/A,0
Beatles,3WrFJ7ztbogyGnTHbHJFl2,The Beatles,Julia - 2018 Mix,2.93555,N/A,0
Beatles,3WrFJ7ztbogyGnTHbHJFl2,The Beatles,Birthday - 2018 Mix,2.6997666666666666,N/A,0
Beatles,3WrFJ7ztbogyGnTHbHJFl2,The Beatles,Yer Blues - 2018 Mix,4.016666666666667,N/A,0
Beatles,3WrFJ7ztbogyGnTHbHJFl2,The Beatles,Mother Nature's Son - 2018 Mix,2.7971,N/A,0
Beatles,3WrFJ7ztbogyGnTHbHJFl2,Live At The Hollywood Bowl,Twist And Shout - Live / Remastered,1.5584333333333333,N/A,0
Beatles,3WrFJ7ztbogyGnTHbHJFl2,Live At The Hollywood Bowl,She's A Woman - Live / Remastered,3.2008833333333335,N/A,0
Beatles,3WrFJ7ztbogyGnTHbHJFl2,Live At The Hollywood Bowl,Dizzy Miss Lizzy - Live / Remastered,3.6622166666666667,N/A,0
Beatles,3WrFJ7ztbogyGnTHbHJFl2,Live At The Hollywood Bowl,Ticket To Ride - Live / Remastered,2.437333333333333,N/A,0
Beatles,3WrFJ7ztbogyGnTHbHJFl2,Live At The Hollywood Bowl,Can't Buy Me Love - Live / Remastered,2.2477666666666667,N/A,0
Beatles,3WrFJ7ztbogyGnTHbHJFl2,Live At The Hollywood Bowl,Things We Said Today - Live / Remastered,2.3122166666666666,N/A,0
Beatles,3WrFJ7ztbogyGnTHbHJFl2,Live At The Hollywood Bowl,Roll Over Beethoven - Live / Remastered,2.23355,N/A,0
Beatles,3WrFJ7ztbogyGnTHbHJFl2,Live At The Hollywood Bowl,Boys - Live / Remastered,2.145766666666667,N/A,0
Beatles,3WrFJ7ztbogyGnTHbHJFl2,Live At The Hollywood Bowl,A Hard Day's Night - Live / Remastered,3.2293333333333334,N/A,0
Beatles,3WrFJ7ztbogyGnTHbHJFl2,Live At The Hollywood Bowl,Help! - Live / Remastered,2.8766666666666665,N/A,0
Beatles,3WrFJ7ztbogyGnTHbHJFl2,Live At The Hollywood Bowl,All My Loving - Live / Remastered,2.2542166666666668,N/A,0
Beatles,3WrFJ7ztbogyGnTHbHJFl2,Live At The Hollywood Bowl,She Loves You - Live / Remastered,3.183333333333333,N/A,0
Beatles,3WrFJ7ztbogyGnTHbHJFl2,Live At The Hollywood Bowl,Long Tall Sally - Live / Remastered,2.07755,N/A,0
Beatles,3WrFJ7ztbogyGnTHbHJFl2,Live At The Hollywood Bowl,You Can't Do That - Live / Bonus Track,2.5737666666666668,N/A,0
Beatles,3WrFJ7ztbogyGnTHbHJFl2,Live At The Hollywood Bowl,I Want To Hold Your Hand - Live / Bonus Track,2.4877666666666665,N/A,0
Beatles,3WrFJ7ztbogyGnTHbHJFl2,Live At The Hollywood Bowl,Everybody’s Trying To Be My Baby - Live / Bonus Track,2.3571,N/A,0
Beatles,3WrFJ7ztbogyGnTHbHJFl2,Live At The Hollywood Bowl,Baby's In Black - Live / Bonus Track,2.7442166666666665,N/A,0
Beatles,3WrFJ7ztbogyGnTHbHJFl2,Yellow Submarine Songtrack,Yellow Submarine,2.6526666666666667,N/A,0
Beatles,3WrFJ7ztbogyGnTHbHJFl2,Yellow Submarine Songtrack,Hey Bulldog,3.1973333333333334,N/A,0
Beatles,3WrFJ7ztbogyGnTHbHJFl2,Yellow Submarine Songtrack,Eleanor Rigby,2.0871,N/A,0
Beatles,3WrFJ7ztbogyGnTHbHJFl2,Yellow Submarine Songtrack,Love You To,2.9784333333333333,N/A,0
Beatles,3WrFJ7ztbogyGnTHbHJFl2,Yellow Submarine Songtrack,All Together Now,2.1771,N/A,0
Beatles,3WrFJ7ztbogyGnTHbHJFl2,Yellow Submarine Songtrack,Lucy In The Sky With Diamonds,3.473333333333333,N/A,0
Beatles,3WrFJ7ztbogyGnTHbHJFl2,Yellow Submarine Songtrack,Think For Yourself,2.3106666666666666,N/A,0
Beatles,3WrFJ7ztbogyGnTHbHJFl2,Yellow Submarine Songtrack,Sgt Pepper's Lonely Hearts Club Band,2.022666666666667,N/A,0
Beatles,3WrFJ7ztbogyGnTHbHJFl2,Yellow Submarine Songtrack,With A Little Help From My Friends,2.7611,N/A,0
Beatles,3WrFJ7ztbogyGnTHbHJFl2,Yellow Submarine Songtrack,Baby You're A Rich Man,3.01,N/A,0
Beatles,3WrFJ7ztbogyGnTHbHJFl2,Yellow Submarine Songtrack,Only A Northern Song,3.4084333333333334,N/A,0
Beatles,3WrFJ7ztbogyGnTHbHJFl2,Yellow Submarine Songtrack,All You Need Is Love,3.7777666666666665,N/A,0
Beatles,3WrFJ7ztbogyGnTHbHJFl2,Yellow Submarine Songtrack,When I'm Sixty Four,2.65155,N/A,0
Beatles,3WrFJ7ztbogyGnTHbHJFl2,Yellow Submarine Songtrack,Nowhere Man,2.7066666666666666,N/A,0
Beatles,3WrFJ7ztbogyGnTHbHJFl2,Yellow Submarine Songtrack,It's All Too Much,6.426666666666667,N/A,0
Beatles,3WrFJ7ztbogyGnTHbHJFl2,Let It Be... Naked (Remastered),Get Back - Naked Version / Remastered 2013,2.5808,N/A,0
Beatles,3WrFJ7ztbogyGnTHbHJFl2,Let It Be... Naked (Remastered),Dig A Pony - Naked Version / Remastered 2013,3.635466666666667,N/A,0
Beatles,3WrFJ7ztbogyGnTHbHJFl2,Let It Be... Naked (Remastered),For You Blue - Naked Version / Remastered 2013,2.4634666666666667,N/A,0
Beatles,3WrFJ7ztbogyGnTHbHJFl2,Let It Be... Naked (Remastered),The Long And Winding Road - Naked Version / Remastered 2013,3.5730333333333335,N/A,0
Beatles,3WrFJ7ztbogyGnTHbHJFl2,Let It Be... Naked (Remastered),Two Of Us - Naked Version / Remastered 2013,3.34725,N/A,0
Beatles,3WrFJ7ztbogyGnTHbHJFl2,Let It Be... Naked (Remastered),I've Got A Feeling - Naked Version / Remastered 2013,3.5150333333333332,N/A,0
Beatles,3WrFJ7ztbogyGnTHbHJFl2,Let It Be... Naked (Remastered),One After 909 - Naked Version / Remastered 2013,2.7350333333333334,N/A,0
Beatles,3WrFJ7ztbogyGnTHbHJFl2,Let It Be... Naked (Remastered),Don't Let Me Down - Naked Version / Remastered 2013,3.3143666666666665,N/A,0
Beatles,3WrFJ7ztbogyGnTHbHJFl2,Let It Be... Naked (Remastered),I Me Mine - Naked Version / Remastered 2013,2.3577,N/A,0
Beatles,3WrFJ7ztbogyGnTHbHJFl2,Let It Be... Naked (Remastered),Across The Universe - Naked Version / Remastered 2013,3.637033333333333,N/A,0
Beatles,3WrFJ7ztbogyGnTHbHJFl2,Let It Be... Naked (Remastered),Let It Be - Naked Version / Remastered 2013,3.923033333333333,N/A,0
Beatles,3WrFJ7ztbogyGnTHbHJFl2,On Air - Live At The BBC (Vol.2),"And Here We Are Again - Live At The BBC For ""Pop Go The Beatles"" / 23rd July, 1963",0.2571333333333333,N/A,0
Beatles,3WrFJ7ztbogyGnTHbHJFl2,On Air - Live At The BBC (Vol.2),"Words Of Love - Live At The BBC For ""Pop Go The Beatles"" / 20th August, 1963",1.9291,N/A,0
Beatles,3WrFJ7ztbogyGnTHbHJFl2,On Air - Live At The BBC (Vol.2),"How About It, Gorgeous? - Live At The BBC For ""Pop Go The Beatles"" / 30th July, 1963",0.6211,N/A,0
Beatles,3WrFJ7ztbogyGnTHbHJFl2,On Air - Live At The BBC (Vol.2),"Do You Want To Know A Secret - Live At The BBC For ""Pop Go The Beatles"" / 30th July, 1963",1.792,N/A,0
Beatles,3WrFJ7ztbogyGnTHbHJFl2,On Air - Live At The BBC (Vol.2),"Lucille - Live At The BBC For ""Pop Go The Beatles"" / 17th September, 1963",2.48,N/A,0
Beatles,3WrFJ7ztbogyGnTHbHJFl2,On Air - Live At The BBC (Vol.2),"Hey Paul…. - Live At The BBC For ""Pop Go The Beatles"" / 25th June, 1963",0.3511,N/A,0
Beatles,3WrFJ7ztbogyGnTHbHJFl2,On Air - Live At The BBC (Vol.2),"Anna (Go To Him) - Live At The BBC For ""Pop Go The Beatles"" / 27th August, 1963",2.826,N/A,0
Beatles,3WrFJ7ztbogyGnTHbHJFl2,On Air - Live At The BBC (Vol.2),"Hello! - Live At The BBC For ""Pop Go The Beatles"" / 25th June, 1963",0.31466666666666665,N/A,0
Beatles,3WrFJ7ztbogyGnTHbHJFl2,On Air - Live At The BBC (Vol.2),"Please Please Me - Live At The BBC For ""Pop Go The Beatles"" / 13th August, 1963",1.924,N/A,0
Beatles,3WrFJ7ztbogyGnTHbHJFl2,On Air - Live At The BBC (Vol.2),"Misery - Live At The BBC For ""Here We Go"" / 12th March, 1963",1.8262166666666666,N/A,0
Beatles,3WrFJ7ztbogyGnTHbHJFl2,On Air - Live At The BBC (Vol.2),"I'm Talking About You - Live At The BBC For ""Saturday Club"" / 16th March, 1963",1.8688833333333332,N/A,0
Beatles,3WrFJ7ztbogyGnTHbHJFl2,On Air - Live At The BBC (Vol.2),"A Real Treat - Live At The BBC For ""Pop Go The Beatles"" / 25th June, 1963",0.612,N/A,0
Beatles,3WrFJ7ztbogyGnTHbHJFl2,On Air - Live At The BBC (Vol.2),"Boys - Live At The BBC For ""Pop Go The Beatles"" / 25th June, 1963",2.47955,N/A,0
Beatles,3WrFJ7ztbogyGnTHbHJFl2,On Air - Live At The BBC (Vol.2),"Absolutely Fab - Live At The BBC For ""Pop Go The Beatles"" / 25th June, 1963",0.45643333333333336,N/A,0
Beatles,3WrFJ7ztbogyGnTHbHJFl2,On Air - Live At The BBC (Vol.2),"Chains - Live At The BBC For ""Pop Go The Beatles"" / 25th June, 1963",2.2517,N/A,0
Beatles,3WrFJ7ztbogyGnTHbHJFl2,On Air - Live At The BBC (Vol.2),"Ask Me Why - Live At The BBC For ""Pop Go The Beatles"" / 24th September, 1963",1.9038333333333333,N/A,0
Beatles,3WrFJ7ztbogyGnTHbHJFl2,On Air - Live At The BBC (Vol.2),"Till There Was You - Live At The BBC For ""Pop Go The Beatles"" / 30th July, 1963",2.26955,N/A,0
Beatles,3WrFJ7ztbogyGnTHbHJFl2,On Air - Live At The BBC (Vol.2),"Lend Me Your Comb - Live At The BBC For ""Pop Go The Beatles"" / 16th July, 1963",1.7808833333333334,N/A,0
Beatles,3WrFJ7ztbogyGnTHbHJFl2,On Air - Live At The BBC (Vol.2),"Lower 5E - Live At The BBC For ""Pop Go The Beatles"" / 10th September, 1963",0.38843333333333335,N/A,0
Beatles,3WrFJ7ztbogyGnTHbHJFl2,On Air - Live At The BBC (Vol.2),"The Hippy Hippy Shake - Live At The BBC For ""Pop Go The Beatles"" / 10th September, 1963",1.7688833333333334,N/A,0
Beatles,3WrFJ7ztbogyGnTHbHJFl2,Live At The BBC (Remastered),"Beatles Greetings - Live At The BBC For ""The Public Ear"" / 3rd November, 1963",0.22955,N/A,0
Beatles,3WrFJ7ztbogyGnTHbHJFl2,Live At The BBC (Remastered),"From Us To You - Live At The BBC / Opening Theme From ""From Us To You"" / 1964",0.4931,N/A,0
Beatles,3WrFJ7ztbogyGnTHbHJFl2,Live At The BBC (Remastered),"Riding On A Bus - Live At The BBC For ""Top Gear"" / 26th November, 1964",0.9148833333333334,N/A,0
Beatles,3WrFJ7ztbogyGnTHbHJFl2,Live At The BBC (Remastered),"I Got A Woman - Live At The BBC For ""Pop Go The Beatles"" / 13th August, 1963",2.80555,N/A,0
Beatles,3WrFJ7ztbogyGnTHbHJFl2,Live At The BBC (Remastered),"Too Much Monkey Business - Live At The BBC For ""Pop Go The Beatles"" / 10th September, 1963",2.1262166666666666,N/A,0
Beatles,3WrFJ7ztbogyGnTHbHJFl2,Live At The BBC (Remastered),"Keep Your Hands Off My Baby - Live At The BBC For ""Saturday Club"" / 26th January, 1963",2.521333333333333,N/A,0
Beatles,3WrFJ7ztbogyGnTHbHJFl2,Live At The BBC (Remastered),"I'll Be On My Way - Live At The BBC For ""Side By Side"" / 24th June, 1963",1.96355,N/A,0
Beatles,3WrFJ7ztbogyGnTHbHJFl2,Live At The BBC (Remastered),"Young Blood - Live At The BBC For ""Pop Go The Beatles"" / 11th June, 1963",1.9257666666666666,N/A,0
Beatles,3WrFJ7ztbogyGnTHbHJFl2,Live At The BBC (Remastered),"A Shot Of Rhythm And Blues - Live At The BBC For ""Pop Go The Beatles"" / 27th August, 1963",2.2666666666666666,N/A,0
Beatles,3WrFJ7ztbogyGnTHbHJFl2,Live At The BBC (Remastered),"Sure To Fall (In Love With You) - Live At The BBC For ""Pop Go The Beatles"" / 18th June, 1963",2.1348833333333332,N/A,0
Beatles,3WrFJ7ztbogyGnTHbHJFl2,Live At The BBC (Remastered),"Some Other Guy - Live At The BBC For ""Easy Beat"" / 23rd June, 1963",2.01955,N/A,0
Beatles,3WrFJ7ztbogyGnTHbHJFl2,Live At The BBC (Remastered),"Thank You Girl - Live At The BBC For ""Easy Beat"" / 23rd June, 1963",2.07755,N/A,0
Beatles,3WrFJ7ztbogyGnTHbHJFl2,Live At The BBC (Remastered),"Sha La La La La! - Live At The BBC For ""Pop Go The Beatles"" / 11th June, 1963",0.4693333333333333,N/A,0
Beatles,3WrFJ7ztbogyGnTHbHJFl2,Live At The BBC (Remastered),"Baby It's You - Live At The BBC For ""Pop Go The Beatles"" / 11th June, 1963",2.7257666666666664,N/A,0
Beatles,3WrFJ7ztbogyGnTHbHJFl2,Live At The BBC (Remastered),"That's All Right (Mama) - Live At The BBC For ""Pop Go The Beatles"" / 16th July, 1963",2.9273333333333333,N/A,0
Beatles,3WrFJ7ztbogyGnTHbHJFl2,Live At The BBC (Remastered),"Carol - Live At The BBC For ""Pop Go The Beatles"" / 16th July, 1963",2.6037666666666666,N/A,0
Beatles,3WrFJ7ztbogyGnTHbHJFl2,Live At The BBC (Remastered),"What Is It, George? - Live At The BBC For ""Pop Go The Beatles"" / 16th July, 1963",0.5191,N/A,0
Beatles,3WrFJ7ztbogyGnTHbHJFl2,Live At The BBC (Remastered),"Soldier Of Love - Live At The BBC For ""Pop Go The Beatles"" / 16th July, 1963",1.9853333333333334,N/A,0
Beatles,3WrFJ7ztbogyGnTHbHJFl2,Live At The BBC (Remastered),"A Little Rhyme - Live At The BBC For ""Pop Go The Beatles"" / 16th July, 1963",0.4282166666666667,N/A,0
Beatles,3WrFJ7ztbogyGnTHbHJFl2,Live At The BBC (Remastered),"Clarabella - Live At The BBC For ""Pop Go The Beatles"" / 16th July, 1963",2.665766666666667,N/A,0
Beatles,3WrFJ7ztbogyGnTHbHJFl2,Let It Be (Remastered),Two Of Us - Remastered 2009,3.61355,N/A,0
Beatles,3WrFJ7ztbogyGnTHbHJFl2,Let It Be (Remastered),Dig A Pony - Remastered 2009,3.9166666666666665,N/A,0
Beatles,3WrFJ7ztbogyGnTHbHJFl2,Let It Be (Remastered),Across The Universe - Remastered 2009,3.802216666666667,N/A,0
Beatles,3WrFJ7ztbogyGnTHbHJFl2,Let It Be (Remastered),I Me Mine - Remastered 2009,2.426433333333333,N/A,0
Beatles,3WrFJ7ztbogyGnTHbHJFl2,Let It Be (Remastered),Dig It - Remastered 2009,0.8411,N/A,0
Beatles,3WrFJ7ztbogyGnTHbHJFl2,Let It Be (Remastered),Let It Be - Remastered 2009,4.050433333333333,N/A,0
Beatles,3WrFJ7ztbogyGnTHbHJFl2,Let It Be (Remastered),Maggie Mae - Remastered 2009,0.6673333333333333,N/A,0
Beatles,3WrFJ7ztbogyGnTHbHJFl2,Let It Be (Remastered),I've Got A Feeling - Remastered 2009,3.626,N/A,0
Beatles,3WrFJ7ztbogyGnTHbHJFl2,Let It Be (Remastered),One After 909 - Remastered 2009,2.8993333333333333,N/A,0
Beatles,3WrFJ7ztbogyGnTHbHJFl2,Let It Be (Remastered),The Long And Winding Road - Remastered 2009,3.636433333333333,N/A,0
Beatles,3WrFJ7ztbogyGnTHbHJFl2,Let It Be (Remastered),For You Blue - Remastered 2009,2.5368833333333334,N/A,0
Beatles,3WrFJ7ztbogyGnTHbHJFl2,Let It Be (Remastered),Get Back - Remastered 2009,3.156433333333333,N/A,0
Beatles,3WrFJ7ztbogyGnTHbHJFl2,Abbey Road (Remastered),Come Together - Remastered 2009,4.332433333333333,N/A,0
Beatles,3WrFJ7ztbogyGnTHbHJFl2,Abbey Road (Remastered),Something - Remastered 2009,3.0382166666666666,N/A,0
Beatles,3WrFJ7ztbogyGnTHbHJFl2,Abbey Road (Remastered),Maxwell's Silver Hammer - Remastered 2009,3.465333333333333,N/A,0
Beatles,3WrFJ7ztbogyGnTHbHJFl2,Abbey Road (Remastered),Oh! Darling - Remastered 2009,3.454,N/A,0
Beatles,3WrFJ7ztbogyGnTHbHJFl2,Abbey Road (Remastered),Octopus's Garden - Remastered 2009,2.8453333333333335,N/A,0
Beatles,3WrFJ7ztbogyGnTHbHJFl2,Abbey Road (Remastered),I Want You (She's So Heavy) - Remastered 2009,7.788666666666667,N/A,0
Beatles,3WrFJ7ztbogyGnTHbHJFl2,Abbey Road (Remastered),Here Comes The Sun - Remastered 2009,3.09555,N/A,0
Beatles,3WrFJ7ztbogyGnTHbHJFl2,Abbey Road (Remastered),Because - Remastered 2009,2.7611,N/A,0
Beatles,3WrFJ7ztbogyGnTHbHJFl2,Abbey Road (Remastered),You Never Give Me Your Money - Remastered 2009,4.04955,N/A,0
Beatles,3WrFJ7ztbogyGnTHbHJFl2,Abbey Road (Remastered),Sun King - Remastered 2009,2.4377666666666666,N/A,0
Beatles,3WrFJ7ztbogyGnTHbHJFl2,Abbey Road (Remastered),Mean Mr Mustard - Remastered 2009,1.1088833333333334,N/A,0
Beatles,3WrFJ7ztbogyGnTHbHJFl2,Abbey Road (Remastered),Polythene Pam - Remastered 2009,1.2106666666666666,N/A,0
Beatles,3WrFJ7ztbogyGnTHbHJFl2,Abbey Road (Remastered),She Came In Through The Bathroom Window - Remastered 2009,1.9771,N/A,0
Beatles,3WrFJ7ztbogyGnTHbHJFl2,Abbey Road (Remastered),Golden Slumbers - Remastered 2009,1.5293333333333334,N/A,0
Beatles,3WrFJ7ztbogyGnTHbHJFl2,Abbey Road (Remastered),Carry That Weight - Remastered 2009,1.6077666666666666,N/A,0
Beatles,3WrFJ7ztbogyGnTHbHJFl2,Abbey Road (Remastered),The End - Remastered 2009,2.3602166666666666,N/A,0
Beatles,3WrFJ7ztbogyGnTHbHJFl2,Abbey Road (Remastered),Her Majesty - Remastered 2009,0.4331,N/A,0
Beatles,3WrFJ7ztbogyGnTHbHJFl2,Yellow Submarine (Remastered),Yellow Submarine - Remastered 2009,2.662,N/A,0
Beatles,3WrFJ7ztbogyGnTHbHJFl2,Yellow Submarine (Remastered),Only A Northern Song - Remastered 2009,3.4082166666666667,N/A,0
Beatles,3WrFJ7ztbogyGnTHbHJFl2,Yellow Submarine (Remastered),All Together Now - Remastered 2009,2.18155,N/A,0
Beatles,3WrFJ7ztbogyGnTHbHJFl2,Yellow Submarine (Remastered),Hey Bulldog - Remastered 2009,3.1884333333333332,N/A,0
Beatles,3WrFJ7ztbogyGnTHbHJFl2,Yellow Submarine (Remastered),It's All Too Much - Remastered 2009,6.416883333333334,N/A,0
Beatles,3WrFJ7ztbogyGnTHbHJFl2,Yellow Submarine (Remastered),All You Need Is Love - Remastered 2009,3.85355,N/A,0
Beatles,3WrFJ7ztbogyGnTHbHJFl2,Yellow Submarine (Remastered),Pepperland - Remastered 2009,2.34555,N/A,0
Beatles,3WrFJ7ztbogyGnTHbHJFl2,Yellow Submarine (Remastered),Sea Of Time - Remastered 2009,3.00355,N/A,0
Beatles,3WrFJ7ztbogyGnTHbHJFl2,Yellow Submarine (Remastered),Sea Of Holes - Remastered 2009,2.278216666666667,N/A,0
Beatles,3WrFJ7ztbogyGnTHbHJFl2,Yellow Submarine (Remastered),Sea Of Monsters - Remastered 2009,3.61155,N/A,0
Beatles,3WrFJ7ztbogyGnTHbHJFl2,Yellow Submarine (Remastered),March Of The Meanies - Remastered 2009,2.3226666666666667,N/A,0
Beatles,3WrFJ7ztbogyGnTHbHJFl2,Yellow Submarine (Remastered),Pepperland Laid Waste - Remastered 2009,2.2128833333333335,N/A,0
Beatles,3WrFJ7ztbogyGnTHbHJFl2,Yellow Submarine (Remastered),Yellow Submarine In Pepperland - Remastered 2009,2.2337666666666665,N/A,0
Beatles,3WrFJ7ztbogyGnTHbHJFl2,The Beatles (Remastered),Back In The U.S.S.R. - Remastered 2009,2.7242166666666665,N/A,0
Beatles,3WrFJ7ztbogyGnTHbHJFl2,The Beatles (Remastered),Dear Prudence - Remastered 2009,3.92955,N/A,0
Beatles,3WrFJ7ztbogyGnTHbHJFl2,The Beatles (Remastered),Glass Onion - Remastered 2009,2.2973333333333334,N/A,0
Beatles,3WrFJ7ztbogyGnTHbHJFl2,The Beatles (Remastered),"Ob-La-Di, Ob-La-Da - Remastered 2009",3.1493333333333333,N/A,0
Beatles,3WrFJ7ztbogyGnTHbHJFl2,The Beatles (Remastered),Wild Honey Pie - Remastered 2009,0.8828833333333334,N/A,0
Beatles,3WrFJ7ztbogyGnTHbHJFl2,The Beatles (Remastered),The Continuing Story Of Bungalow Bill - Remastered 2009,3.236,N/A,0
Beatles,3WrFJ7ztbogyGnTHbHJFl2,The Beatles (Remastered),While My Guitar Gently Weeps - Remastered 2009,4.75,N/A,0
Beatles,3WrFJ7ztbogyGnTHbHJFl2,The Beatles (Remastered),Happiness Is A Warm Gun - Remastered 2009,2.7424333333333335,N/A,0
Beatles,3WrFJ7ztbogyGnTHbHJFl2,The Beatles (Remastered),Martha My Dear - Remastered 2009,2.4762166666666667,N/A,0
Beatles,3WrFJ7ztbogyGnTHbHJFl2,The Beatles (Remastered),I'm So Tired - Remastered 2009,2.0582166666666666,N/A,0
Beatles,3WrFJ7ztbogyGnTHbHJFl2,The Beatles (Remastered),Blackbird - Remastered 2009,2.306433333333333,N/A,0
Beatles,3WrFJ7ztbogyGnTHbHJFl2,The Beatles (Remastered),Piggies - Remastered 2009,2.0711,N/A,0
Beatles,3WrFJ7ztbogyGnTHbHJFl2,The Beatles (Remastered),Rocky Raccoon - Remastered 2009,3.5517666666666665,N/A,0
Beatles,3WrFJ7ztbogyGnTHbHJFl2,The Beatles (Remastered),Don't Pass Me By - Remastered 2009,3.840883333333333,N/A,0
Beatles,3WrFJ7ztbogyGnTHbHJFl2,The Beatles (Remastered),Why Don't We Do It In The Road? - Remastered 2009,1.686,N/A,0
Beatles,3WrFJ7ztbogyGnTHbHJFl2,The Beatles (Remastered),I Will - Remastered 2009,1.76555,N/A,0
Beatles,3WrFJ7ztbogyGnTHbHJFl2,The Beatles (Remastered),Julia - Remastered 2009,2.9444333333333335,N/A,0
Beatles,3WrFJ7ztbogyGnTHbHJFl2,The Beatles (Remastered),Birthday - Remastered 2009,2.718,N/A,0
Beatles,3WrFJ7ztbogyGnTHbHJFl2,The Beatles (Remastered),Yer Blues - Remastered 2009,4.00755,N/A,0
Beatles,3WrFJ7ztbogyGnTHbHJFl2,The Beatles (Remastered),Mother Nature's Son - Remastered 2009,2.8004333333333333,N/A,0
Beatles,3WrFJ7ztbogyGnTHbHJFl2,Magical Mystery Tour (Remastered),Magical Mystery Tour - Remastered 2009,2.8351,N/A,0
Beatles,3WrFJ7ztbogyGnTHbHJFl2,Magical Mystery Tour (Remastered),The Fool On The Hill - Remastered 2009,2.9851,N/A,0
Beatles,3WrFJ7ztbogyGnTHbHJFl2,Magical Mystery Tour (Remastered),Flying - Remastered 2009,2.2586666666666666,N/A,0
Beatles,3WrFJ7ztbogyGnTHbHJFl2,Magical Mystery Tour (Remastered),Blue Jay Way - Remastered 2009,3.9177666666666666,N/A,0
Beatles,3WrFJ7ztbogyGnTHbHJFl2,Magical Mystery Tour (Remastered),Your Mother Should Know - Remastered 2009,2.47355,N/A,0
Beatles,3WrFJ7ztbogyGnTHbHJFl2,Magical Mystery Tour (Remastered),I Am The Walrus - Remastered 2009,4.597766666666667,N/A,0
Beatles,3WrFJ7ztbogyGnTHbHJFl2,Magical Mystery Tour (Remastered),"Hello, Goodbye - Remastered 2009",3.4806666666666666,N/A,0
Beatles,3WrFJ7ztbogyGnTHbHJFl2,Magical Mystery Tour (Remastered),Strawberry Fields Forever - Remastered 2009,4.122,N/A,0
Beatles,3WrFJ7ztbogyGnTHbHJFl2,Magical Mystery Tour (Remastered),Penny Lane - Remastered 2009,3.014883333333333,N/A,0
Beatles,3WrFJ7ztbogyGnTHbHJFl2,Magical Mystery Tour (Remastered),"Baby, You're A Rich Man - Remastered 2009",3.0217666666666667,N/A,0
Beatles,3WrFJ7ztbogyGnTHbHJFl2,Magical Mystery Tour (Remastered),All You Need Is Love - Remastered 2009,3.8397666666666668,N/A,0
Beatles,3WrFJ7ztbogyGnTHbHJFl2,Sgt. Pepper's Lonely Hearts Club Band (Remastered),Sgt. Pepper's Lonely Hearts Club Band - Remastered 2009,2.048216666666667,N/A,0
Beatles,3WrFJ7ztbogyGnTHbHJFl2,Sgt. Pepper's Lonely Hearts Club Band (Remastered),With A Little Help From My Friends - Remastered 2009,2.7351,N/A,0
Beatles,3WrFJ7ztbogyGnTHbHJFl2,Sgt. Pepper's Lonely Hearts Club Band (Remastered),Lucy In The Sky With Diamonds - Remastered 2009,3.4744333333333333,N/A,0
Beatles,3WrFJ7ztbogyGnTHbHJFl2,Sgt. Pepper's Lonely Hearts Club Band (Remastered),Getting Better - Remastered 2009,2.802,N/A,0
Beatles,3WrFJ7ztbogyGnTHbHJFl2,Sgt. Pepper's Lonely Hearts Club Band (Remastered),Fixing A Hole - Remastered 2009,2.613766666666667,N/A,0
Beatles,3WrFJ7ztbogyGnTHbHJFl2,Sgt. Pepper's Lonely Hearts Club Band (Remastered),She's Leaving Home - Remastered 2009,3.586,N/A,0
Beatles,3WrFJ7ztbogyGnTHbHJFl2,Sgt. Pepper's Lonely Hearts Club Band (Remastered),Being For The Benefit Of Mr. Kite! - Remastered 2009,2.62555,N/A,0
Beatles,3WrFJ7ztbogyGnTHbHJFl2,Sgt. Pepper's Lonely Hearts Club Band (Remastered),Within You Without You - Remastered 2009,5.077766666666666,N/A,0
Beatles,3WrFJ7ztbogyGnTHbHJFl2,Sgt. Pepper's Lonely Hearts Club Band (Remastered),When I'm Sixty Four - Remastered 2009,2.6277666666666666,N/A,0
Beatles,3WrFJ7ztbogyGnTHbHJFl2,Sgt. Pepper's Lonely Hearts Club Band (Remastered),Lovely Rita - Remastered 2009,2.70155,N/A,0
Beatles,3WrFJ7ztbogyGnTHbHJFl2,Sgt. Pepper's Lonely Hearts Club Band (Remastered),Good Morning Good Morning - Remastered 2009,2.6871,N/A,0
Beatles,3WrFJ7ztbogyGnTHbHJFl2,Sgt. Pepper's Lonely Hearts Club Band (Remastered),Sgt. Pepper's Lonely Hearts Club Band - Reprise / Remastered 2009,1.3177666666666668,N/A,0
Beatles,3WrFJ7ztbogyGnTHbHJFl2,Sgt. Pepper's Lonely Hearts Club Band (Remastered),A Day In The Life - Remastered 2009,5.62355,N/A,0
Beatles,3WrFJ7ztbogyGnTHbHJFl2,Sgt. Pepper's Lonely Hearts Club Band (Deluxe Edition),Sgt. Pepper's Lonely Hearts Club Band - Remix,2.03555,N/A,0
Beatles,3WrFJ7ztbogyGnTHbHJFl2,Sgt. Pepper's Lonely Hearts Club Band (Deluxe Edition),With A Little Help From My Friends - Remix,2.7548833333333334,N/A,0
Beatles,3WrFJ7ztbogyGnTHbHJFl2,Sgt. Pepper's Lonely Hearts Club Band (Deluxe Edition),Lucy In The Sky With Diamonds - Remix,3.461333333333333,N/A,0
Beatles,3WrFJ7ztbogyGnTHbHJFl2,Sgt. Pepper's Lonely Hearts Club Band (Deluxe Edition),Getting Better - Remix,2.78355,N/A,0
Beatles,3WrFJ7ztbogyGnTHbHJFl2,Sgt. Pepper's Lonely Hearts Club Band (Deluxe Edition),Fixing A Hole - Remix,2.6326666666666667,N/A,0
Beatles,3WrFJ7ztbogyGnTHbHJFl2,Sgt. Pepper's Lonely Hearts Club Band (Deluxe Edition),She's Leaving Home - Remix,3.4306666666666668,N/A,0
Beatles,3WrFJ7ztbogyGnTHbHJFl2,Sgt. Pepper's Lonely Hearts Club Band (Deluxe Edition),Being For The Benefit Of Mr. Kite! - Remix,2.6533333333333333,N/A,0
Beatles,3WrFJ7ztbogyGnTHbHJFl2,Sgt. Pepper's Lonely Hearts Club Band (Deluxe Edition),Within You Without You - Remix,5.126433333333333,N/A,0
Beatles,3WrFJ7ztbogyGnTHbHJFl2,Sgt. Pepper's Lonely Hearts Club Band (Deluxe Edition),When I'm Sixty-Four - Remix,2.6668833333333333,N/A,0
Beatles,3WrFJ7ztbogyGnTHbHJFl2,Sgt. Pepper's Lonely Hearts Club Band (Deluxe Edition),Lovely Rita - Remix,2.763333333333333,N/A,0
Beatles,3WrFJ7ztbogyGnTHbHJFl2,Sgt. Pepper's Lonely Hearts Club Band (Deluxe Edition),Good Morning Good Morning - Remix,2.5744333333333334,N/A,0
Beatles,3WrFJ7ztbogyGnTHbHJFl2,Sgt. Pepper's Lonely Hearts Club Band (Deluxe Edition),Sgt. Pepper's Lonely Hearts Club Band (Reprise) - Remix,1.3433333333333333,N/A,0
Beatles,3WrFJ7ztbogyGnTHbHJFl2,Sgt. Pepper's Lonely Hearts Club Band (Deluxe Edition),A Day In The Life - Remix,5.515333333333333,N/A,0
Beatles,3WrFJ7ztbogyGnTHbHJFl2,Sgt. Pepper's Lonely Hearts Club Band (Deluxe Edition),Sgt. Pepper's Lonely Hearts Club Band - Take 9 And Speech,2.6073333333333335,N/A,0
Beatles,3WrFJ7ztbogyGnTHbHJFl2,Sgt. Pepper's Lonely Hearts Club Band (Deluxe Edition),With A Little Help From My Friends - Take 1 / False Start And Take 2 / Instrumental,3.275333333333333,N/A,0
Beatles,3WrFJ7ztbogyGnTHbHJFl2,Sgt. Pepper's Lonely Hearts Club Band (Deluxe Edition),Lucy In The Sky With Diamonds - Take 1,3.9811,N/A,0
Beatles,3WrFJ7ztbogyGnTHbHJFl2,Sgt. Pepper's Lonely Hearts Club Band (Deluxe Edition),Getting Better - Take 1 / Instrumental And Speech At The End,2.308883333333333,N/A,0
Beatles,3WrFJ7ztbogyGnTHbHJFl2,Sgt. Pepper's Lonely Hearts Club Band (Deluxe Edition),Fixing A Hole - Speech And Take 3,3.464,N/A,0
Beatles,3WrFJ7ztbogyGnTHbHJFl2,Sgt. Pepper's Lonely Hearts Club Band (Deluxe Edition),She's Leaving Home - Take 1 / Instrumental,3.8186666666666667,N/A,0
Beatles,3WrFJ7ztbogyGnTHbHJFl2,Sgt. Pepper's Lonely Hearts Club Band (Deluxe Edition),Being For The Benefit Of Mr. Kite! - Take 4,3.120216666666667,N/A,0
Beatles,3WrFJ7ztbogyGnTHbHJFl2,Sgt. Pepper's Lonely Hearts Club Band (Super Deluxe Edition),Sgt. Pepper's Lonely Hearts Club Band - Remix,2.03555,N/A,0
Beatles,3WrFJ7ztbogyGnTHbHJFl2,Sgt. Pepper's Lonely Hearts Club Band (Super Deluxe Edition),With A Little Help From My Friends - Remix,2.7548833333333334,N/A,0
Beatles,3WrFJ7ztbogyGnTHbHJFl2,Sgt. Pepper's Lonely Hearts Club Band (Super Deluxe Edition),Lucy In The Sky With Diamonds - Remix,3.461333333333333,N/A,0
Beatles,3WrFJ7ztbogyGnTHbHJFl2,Sgt. Pepper's Lonely Hearts Club Band (Super Deluxe Edition),Getting Better - Remix,2.78355,N/A,0
Beatles,3WrFJ7ztbogyGnTHbHJFl2,Sgt. Pepper's Lonely Hearts Club Band (Super Deluxe Edition),Fixing A Hole - Remix,2.6326666666666667,N/A,0
Beatles,3WrFJ7ztbogyGnTHbHJFl2,Sgt. Pepper's Lonely Hearts Club Band (Super Deluxe Edition),She's Leaving Home - Remix,3.4306666666666668,N/A,0
Beatles,3WrFJ7ztbogyGnTHbHJFl2,Sgt. Pepper's Lonely Hearts Club Band (Super Deluxe Edition),Being For The Benefit Of Mr. Kite! - Remix,2.6533333333333333,N/A,0
Beatles,3WrFJ7ztbogyGnTHbHJFl2,Sgt. Pepper's Lonely Hearts Club Band (Super Deluxe Edition),Within You Without You - Remix,5.126433333333333,N/A,0
Beatles,3WrFJ7ztbogyGnTHbHJFl2,Sgt. Pepper's Lonely Hearts Club Band (Super Deluxe Edition),When I'm Sixty-Four - Remix,2.6668833333333333,N/A,0
Beatles,3WrFJ7ztbogyGnTHbHJFl2,Sgt. Pepper's Lonely Hearts Club Band (Super Deluxe Edition),Lovely Rita - Remix,2.763333333333333,N/A,0
Beatles,3WrFJ7ztbogyGnTHbHJFl2,Sgt. Pepper's Lonely Hearts Club Band (Super Deluxe Edition),Good Morning Good Morning - Remix,2.5744333333333334,N/A,0
Beatles,3WrFJ7ztbogyGnTHbHJFl2,Sgt. Pepper's Lonely Hearts Club Band (Super Deluxe Edition),Sgt. Pepper's Lonely Hearts Club Band (Reprise) - Remix,1.3433333333333333,N/A,0
Beatles,3WrFJ7ztbogyGnTHbHJFl2,Sgt. Pepper's Lonely Hearts Club Band (Super Deluxe Edition),A Day In The Life - Remix,5.5151,N/A,0
Beatles,3WrFJ7ztbogyGnTHbHJFl2,Sgt. Pepper's Lonely Hearts Club Band (Super Deluxe Edition),Strawberry Fields Forever - Take 1,2.6631,N/A,0
Beatles,3WrFJ7ztbogyGnTHbHJFl2,Sgt. Pepper's Lonely Hearts Club Band (Super Deluxe Edition),Strawberry Fields Forever - Take 4,3.002,N/A,0
Beatles,3WrFJ7ztbogyGnTHbHJFl2,Sgt. Pepper's Lonely Hearts Club Band (Super Deluxe Edition),Strawberry Fields Forever - Take 7,3.2791,N/A,0
Beatles,3WrFJ7ztbogyGnTHbHJFl2,Sgt. Pepper's Lonely Hearts Club Band (Super Deluxe Edition),Strawberry Fields Forever - Take 26,3.314216666666667,N/A,0
Beatles,3WrFJ7ztbogyGnTHbHJFl2,Sgt. Pepper's Lonely Hearts Club Band (Super Deluxe Edition),Strawberry Fields Forever - Stereo Mix 2015,4.165333333333334,N/A,0
Beatles,3WrFJ7ztbogyGnTHbHJFl2,Sgt. Pepper's Lonely Hearts Club Band (Super Deluxe Edition),When I'm Sixty-Four - Take 2,3.0193333333333334,N/A,0
Beatles,3WrFJ7ztbogyGnTHbHJFl2,Sgt. Pepper's Lonely Hearts Club Band (Super Deluxe Edition),Penny Lane - Take 6 / Instrumental,2.9257666666666666,N/A,0
Beatles,3WrFJ7ztbogyGnTHbHJFl2,Revolver (Remastered),Taxman - Remastered 2009,2.64755,N/A,0
Beatles,3WrFJ7ztbogyGnTHbHJFl2,Revolver (Remastered),Eleanor Rigby - Remastered 2009,2.1088833333333334,N/A,0
Beatles,3WrFJ7ztbogyGnTHbHJFl2,Revolver (Remastered),I'm Only Sleeping - Remastered 2009,3.005333333333333,N/A,0
Beatles,3WrFJ7ztbogyGnTHbHJFl2,Revolver (Remastered),Love You To - Remastered 2009,2.9971,N/A,0
Beatles,3WrFJ7ztbogyGnTHbHJFl2,Revolver (Remastered),"Here, There And Everywhere - Remastered 2009",2.4146666666666667,N/A,0
Beatles,3WrFJ7ztbogyGnTHbHJFl2,Revolver (Remastered),Yellow Submarine - Remastered 2009,2.648,N/A,0
Beatles,3WrFJ7ztbogyGnTHbHJFl2,Revolver (Remastered),She Said She Said - Remastered 2009,2.6006666666666667,N/A,0
Beatles,3WrFJ7ztbogyGnTHbHJFl2,Revolver (Remastered),Good Day Sunshine - Remastered 2009,2.1548833333333333,N/A,0
Beatles,3WrFJ7ztbogyGnTHbHJFl2,Revolver (Remastered),And Your Bird Can Sing - Remastered 2009,2.0082166666666668,N/A,0
Beatles,3WrFJ7ztbogyGnTHbHJFl2,Revolver (Remastered),For No One - Remastered 2009,1.9968833333333333,N/A,0
Beatles,3WrFJ7ztbogyGnTHbHJFl2,Revolver (Remastered),Doctor Robert - Remastered 2009,2.2377666666666665,N/A,0
Beatles,3WrFJ7ztbogyGnTHbHJFl2,Revolver (Remastered),I Want To Tell You - Remastered 2009,2.4662166666666665,N/A,0
Beatles,3WrFJ7ztbogyGnTHbHJFl2,Revolver (Remastered),Got To Get You Into My Life - Remastered 2009,2.4873333333333334,N/A,0
Beatles,3WrFJ7ztbogyGnTHbHJFl2,Revolver (Remastered),Tomorrow Never Knows - Remastered 2009,2.9924333333333335,N/A,0
Beatles,3WrFJ7ztbogyGnTHbHJFl2,Rubber Soul (Remastered),Drive My Car - Remastered 2009,2.48155,N/A,0
Beatles,3WrFJ7ztbogyGnTHbHJFl2,Rubber Soul (Remastered),Norwegian Wood (This Bird Has Flown) - Remastered 2009,2.0782166666666666,N/A,0
Beatles,3WrFJ7ztbogyGnTHbHJFl2,Rubber Soul (Remastered),You Won't See Me - Remastered 2009,3.332666666666667,N/A,0
Beatles,3WrFJ7ztbogyGnTHbHJFl2,Rubber Soul (Remastered),Nowhere Man - Remastered 2009,2.7282166666666665,N/A,0
Beatles,3WrFJ7ztbogyGnTHbHJFl2,Rubber Soul (Remastered),Think For Yourself - Remastered 2009,2.308666666666667,N/A,0
Beatles,3WrFJ7ztbogyGnTHbHJFl2,Rubber Soul (Remastered),The Word - Remastered 2009,2.7184333333333335,N/A,0
Beatles,3WrFJ7ztbogyGnTHbHJFl2,Rubber Soul (Remastered),Michelle - Remastered 2009,2.7062166666666667,N/A,0
Beatles,3WrFJ7ztbogyGnTHbHJFl2,Rubber Soul (Remastered),What Goes On - Remastered 2009,2.80955,N/A,0
Beatles,3WrFJ7ztbogyGnTHbHJFl2,Rubber Soul (Remastered),Girl - Remastered 2009,2.5286666666666666,N/A,0
Beatles,3WrFJ7ztbogyGnTHbHJFl2,Rubber Soul (Remastered),I'm Looking Through You - Remastered 2009,2.439766666666667,N/A,0
Beatles,3WrFJ7ztbogyGnTHbHJFl2,Rubber Soul (Remastered),In My Life - Remastered 2009,2.4388833333333335,N/A,0
Beatles,3WrFJ7ztbogyGnTHbHJFl2,Rubber Soul (Remastered),Wait - Remastered 2009,2.2453333333333334,N/A,0
Beatles,3WrFJ7ztbogyGnTHbHJFl2,Rubber Soul (Remastered),If I Needed Someone - Remastered 2009,2.3711,N/A,0
Beatles,3WrFJ7ztbogyGnTHbHJFl2,Rubber Soul (Remastered),Run For Your Life - Remastered 2009,2.35155,N/A,0
